CREATE TABLE IF NOT EXISTS "__EFMigrationsHistory" (
    "MigrationId" character varying(150) NOT NULL,
    "ProductVersion" character varying(32) NOT NULL,
    CONSTRAINT "PK___EFMigrationsHistory" PRIMARY KEY ("MigrationId")
);

START TRANSACTION;


DO $EF$
BEGIN
    IF NOT EXISTS(SELECT 1 FROM "__EFMigrationsHistory" WHERE "MigrationId" = '20240123223659_Initial') THEN
    CREATE TABLE "AspNetRoles" (
        "Id" text NOT NULL,
        "Name" character varying(256),
        "NormalizedName" character varying(256),
        "ConcurrencyStamp" text,
        CONSTRAINT "PK_AspNetRoles" PRIMARY KEY ("Id")
    );
    END IF;
END $EF$;

DO $EF$
BEGIN
    IF NOT EXISTS(SELECT 1 FROM "__EFMigrationsHistory" WHERE "MigrationId" = '20240123223659_Initial') THEN
    CREATE TABLE "AspNetUsers" (
        "Id" text NOT NULL,
        "ChargeableRate" numeric NOT NULL,
        "FirstName" character varying(50),
        "LastName" character varying(50),
        "UserName" character varying(256),
        "NormalizedUserName" character varying(256),
        "Email" character varying(256),
        "NormalizedEmail" character varying(256),
        "EmailConfirmed" boolean NOT NULL,
        "PasswordHash" text,
        "SecurityStamp" text,
        "ConcurrencyStamp" text,
        "PhoneNumber" text,
        "PhoneNumberConfirmed" boolean NOT NULL,
        "TwoFactorEnabled" boolean NOT NULL,
        "LockoutEnd" timestamp with time zone,
        "LockoutEnabled" boolean NOT NULL,
        "AccessFailedCount" integer NOT NULL,
        CONSTRAINT "PK_AspNetUsers" PRIMARY KEY ("Id")
    );
    END IF;
END $EF$;

DO $EF$
BEGIN
    IF NOT EXISTS(SELECT 1 FROM "__EFMigrationsHistory" WHERE "MigrationId" = '20240123223659_Initial') THEN
    CREATE TABLE "Customers" (
        "Id" integer GENERATED BY DEFAULT AS IDENTITY,
        "Name" text,
        "StreetAddress" text,
        "City" text,
        "State" text,
        "Zip" text,
        CONSTRAINT "PK_Customers" PRIMARY KEY ("Id")
    );
    END IF;
END $EF$;

DO $EF$
BEGIN
    IF NOT EXISTS(SELECT 1 FROM "__EFMigrationsHistory" WHERE "MigrationId" = '20240123223659_Initial') THEN
    CREATE TABLE "AspNetRoleClaims" (
        "Id" integer GENERATED BY DEFAULT AS IDENTITY,
        "RoleId" text NOT NULL,
        "ClaimType" text,
        "ClaimValue" text,
        CONSTRAINT "PK_AspNetRoleClaims" PRIMARY KEY ("Id"),
        CONSTRAINT "FK_AspNetRoleClaims_AspNetRoles_RoleId" FOREIGN KEY ("RoleId") REFERENCES "AspNetRoles" ("Id") ON DELETE CASCADE
    );
    END IF;
END $EF$;

DO $EF$
BEGIN
    IF NOT EXISTS(SELECT 1 FROM "__EFMigrationsHistory" WHERE "MigrationId" = '20240123223659_Initial') THEN
    CREATE TABLE "AspNetUserClaims" (
        "Id" integer GENERATED BY DEFAULT AS IDENTITY,
        "UserId" text NOT NULL,
        "ClaimType" text,
        "ClaimValue" text,
        CONSTRAINT "PK_AspNetUserClaims" PRIMARY KEY ("Id"),
        CONSTRAINT "FK_AspNetUserClaims_AspNetUsers_UserId" FOREIGN KEY ("UserId") REFERENCES "AspNetUsers" ("Id") ON DELETE CASCADE
    );
    END IF;
END $EF$;

DO $EF$
BEGIN
    IF NOT EXISTS(SELECT 1 FROM "__EFMigrationsHistory" WHERE "MigrationId" = '20240123223659_Initial') THEN
    CREATE TABLE "AspNetUserLogins" (
        "LoginProvider" text NOT NULL,
        "ProviderKey" text NOT NULL,
        "ProviderDisplayName" text,
        "UserId" text NOT NULL,
        CONSTRAINT "PK_AspNetUserLogins" PRIMARY KEY ("LoginProvider", "ProviderKey"),
        CONSTRAINT "FK_AspNetUserLogins_AspNetUsers_UserId" FOREIGN KEY ("UserId") REFERENCES "AspNetUsers" ("Id") ON DELETE CASCADE
    );
    END IF;
END $EF$;

DO $EF$
BEGIN
    IF NOT EXISTS(SELECT 1 FROM "__EFMigrationsHistory" WHERE "MigrationId" = '20240123223659_Initial') THEN
    CREATE TABLE "AspNetUserRoles" (
        "UserId" text NOT NULL,
        "RoleId" text NOT NULL,
        CONSTRAINT "PK_AspNetUserRoles" PRIMARY KEY ("UserId", "RoleId"),
        CONSTRAINT "FK_AspNetUserRoles_AspNetRoles_RoleId" FOREIGN KEY ("RoleId") REFERENCES "AspNetRoles" ("Id") ON DELETE CASCADE,
        CONSTRAINT "FK_AspNetUserRoles_AspNetUsers_UserId" FOREIGN KEY ("UserId") REFERENCES "AspNetUsers" ("Id") ON DELETE CASCADE
    );
    END IF;
END $EF$;

DO $EF$
BEGIN
    IF NOT EXISTS(SELECT 1 FROM "__EFMigrationsHistory" WHERE "MigrationId" = '20240123223659_Initial') THEN
    CREATE TABLE "AspNetUserTokens" (
        "UserId" text NOT NULL,
        "LoginProvider" text NOT NULL,
        "Name" text NOT NULL,
        "Value" text,
        CONSTRAINT "PK_AspNetUserTokens" PRIMARY KEY ("UserId", "LoginProvider", "Name"),
        CONSTRAINT "FK_AspNetUserTokens_AspNetUsers_UserId" FOREIGN KEY ("UserId") REFERENCES "AspNetUsers" ("Id") ON DELETE CASCADE
    );
    END IF;
END $EF$;

DO $EF$
BEGIN
    IF NOT EXISTS(SELECT 1 FROM "__EFMigrationsHistory" WHERE "MigrationId" = '20240123223659_Initial') THEN
    CREATE TABLE "Tickets" (
        "Id" integer GENERATED BY DEFAULT AS IDENTITY,
        "Title" character varying(50) NOT NULL,
        "Description" text NOT NULL,
        "CreatorId" text,
        "ModifierId" text,
        "AssignedToId" text,
        "CustomerId" integer NOT NULL,
        "Timestamp" bytea,
        "Created" timestamp with time zone NOT NULL,
        "Modified" timestamp with time zone NOT NULL,
        "Closed" timestamp with time zone,
        "Status" integer NOT NULL,
        "BillableHours" integer NOT NULL,
        CONSTRAINT "PK_Tickets" PRIMARY KEY ("Id"),
        CONSTRAINT "FK_Tickets_AspNetUsers_AssignedToId" FOREIGN KEY ("AssignedToId") REFERENCES "AspNetUsers" ("Id"),
        CONSTRAINT "FK_Tickets_AspNetUsers_CreatorId" FOREIGN KEY ("CreatorId") REFERENCES "AspNetUsers" ("Id"),
        CONSTRAINT "FK_Tickets_AspNetUsers_ModifierId" FOREIGN KEY ("ModifierId") REFERENCES "AspNetUsers" ("Id"),
        CONSTRAINT "FK_Tickets_Customers_CustomerId" FOREIGN KEY ("CustomerId") REFERENCES "Customers" ("Id") ON DELETE CASCADE
    );
    END IF;
END $EF$;

DO $EF$
BEGIN
    IF NOT EXISTS(SELECT 1 FROM "__EFMigrationsHistory" WHERE "MigrationId" = '20240123223659_Initial') THEN
    INSERT INTO "AspNetRoles" ("Id", "ConcurrencyStamp", "Name", "NormalizedName")
    VALUES ('104B3E6E-74E7-4CD5-B3BD-2D5567AE4101', NULL, 'Admin', 'ADMIN');
    INSERT INTO "AspNetRoles" ("Id", "ConcurrencyStamp", "Name", "NormalizedName")
    VALUES ('3D8EEDC8-9B0C-4921-9681-4A55D35BD5DD', NULL, 'Manager', 'MANAGER');
    INSERT INTO "AspNetRoles" ("Id", "ConcurrencyStamp", "Name", "NormalizedName")
    VALUES ('A83849D4-4393-4930-9C1A-319AA1572F59', NULL, 'Executive', 'EXECUTIVE');
    INSERT INTO "AspNetRoles" ("Id", "ConcurrencyStamp", "Name", "NormalizedName")
    VALUES ('F9D9FA29-3F33-4C3C-9CA2-A51B11581DB7', NULL, 'Technician', 'TECHNICIAN');
    END IF;
END $EF$;

DO $EF$
BEGIN
    IF NOT EXISTS(SELECT 1 FROM "__EFMigrationsHistory" WHERE "MigrationId" = '20240123223659_Initial') THEN
    INSERT INTO "Customers" ("Id", "City", "Name", "State", "StreetAddress", "Zip")
    VALUES (1, 'Sheboygan', 'Rogers Steel', 'MI', '123 Wasilla Way', '12345');
    INSERT INTO "Customers" ("Id", "City", "Name", "State", "StreetAddress", "Zip")
    VALUES (2, 'Toledo', 'Brown Motors', 'OH', '1042 Grand Avenue', '23456');
    INSERT INTO "Customers" ("Id", "City", "Name", "State", "StreetAddress", "Zip")
    VALUES (3, 'Big Spur', 'Appliance Masters', 'IN', '23 Highland Ridge Road', '34567');
    END IF;
END $EF$;

DO $EF$
BEGIN
    IF NOT EXISTS(SELECT 1 FROM "__EFMigrationsHistory" WHERE "MigrationId" = '20240123223659_Initial') THEN
    CREATE INDEX "IX_AspNetRoleClaims_RoleId" ON "AspNetRoleClaims" ("RoleId");
    END IF;
END $EF$;

DO $EF$
BEGIN
    IF NOT EXISTS(SELECT 1 FROM "__EFMigrationsHistory" WHERE "MigrationId" = '20240123223659_Initial') THEN
    CREATE UNIQUE INDEX "RoleNameIndex" ON "AspNetRoles" ("NormalizedName");
    END IF;
END $EF$;

DO $EF$
BEGIN
    IF NOT EXISTS(SELECT 1 FROM "__EFMigrationsHistory" WHERE "MigrationId" = '20240123223659_Initial') THEN
    CREATE INDEX "IX_AspNetUserClaims_UserId" ON "AspNetUserClaims" ("UserId");
    END IF;
END $EF$;

DO $EF$
BEGIN
    IF NOT EXISTS(SELECT 1 FROM "__EFMigrationsHistory" WHERE "MigrationId" = '20240123223659_Initial') THEN
    CREATE INDEX "IX_AspNetUserLogins_UserId" ON "AspNetUserLogins" ("UserId");
    END IF;
END $EF$;

DO $EF$
BEGIN
    IF NOT EXISTS(SELECT 1 FROM "__EFMigrationsHistory" WHERE "MigrationId" = '20240123223659_Initial') THEN
    CREATE INDEX "IX_AspNetUserRoles_RoleId" ON "AspNetUserRoles" ("RoleId");
    END IF;
END $EF$;

DO $EF$
BEGIN
    IF NOT EXISTS(SELECT 1 FROM "__EFMigrationsHistory" WHERE "MigrationId" = '20240123223659_Initial') THEN
    CREATE INDEX "EmailIndex" ON "AspNetUsers" ("NormalizedEmail");
    END IF;
END $EF$;

DO $EF$
BEGIN
    IF NOT EXISTS(SELECT 1 FROM "__EFMigrationsHistory" WHERE "MigrationId" = '20240123223659_Initial') THEN
    CREATE UNIQUE INDEX "UserNameIndex" ON "AspNetUsers" ("NormalizedUserName");
    END IF;
END $EF$;

DO $EF$
BEGIN
    IF NOT EXISTS(SELECT 1 FROM "__EFMigrationsHistory" WHERE "MigrationId" = '20240123223659_Initial') THEN
    CREATE INDEX "IX_Tickets_AssignedToId" ON "Tickets" ("AssignedToId");
    END IF;
END $EF$;

DO $EF$
BEGIN
    IF NOT EXISTS(SELECT 1 FROM "__EFMigrationsHistory" WHERE "MigrationId" = '20240123223659_Initial') THEN
    CREATE INDEX "IX_Tickets_CreatorId" ON "Tickets" ("CreatorId");
    END IF;
END $EF$;

DO $EF$
BEGIN
    IF NOT EXISTS(SELECT 1 FROM "__EFMigrationsHistory" WHERE "MigrationId" = '20240123223659_Initial') THEN
    CREATE INDEX "IX_Tickets_CustomerId" ON "Tickets" ("CustomerId");
    END IF;
END $EF$;

DO $EF$
BEGIN
    IF NOT EXISTS(SELECT 1 FROM "__EFMigrationsHistory" WHERE "MigrationId" = '20240123223659_Initial') THEN
    CREATE INDEX "IX_Tickets_ModifierId" ON "Tickets" ("ModifierId");
    END IF;
END $EF$;

DO $EF$
BEGIN
    IF NOT EXISTS(SELECT 1 FROM "__EFMigrationsHistory" WHERE "MigrationId" = '20240123223659_Initial') THEN
    PERFORM setval(
        pg_get_serial_sequence('"Customers"', 'Id'),
        GREATEST(
            (SELECT MAX("Id") FROM "Customers") + 1,
            nextval(pg_get_serial_sequence('"Customers"', 'Id'))),
        false);
    END IF;
END $EF$;

DO $EF$
BEGIN
    IF NOT EXISTS(SELECT 1 FROM "__EFMigrationsHistory" WHERE "MigrationId" = '20240123223659_Initial') THEN
    INSERT INTO "__EFMigrationsHistory" ("MigrationId", "ProductVersion")
    VALUES ('20240123223659_Initial', '8.0.1');
    END IF;
END $EF$;
COMMIT;

START TRANSACTION;


DO $EF$
BEGIN
    IF NOT EXISTS(SELECT 1 FROM "__EFMigrationsHistory" WHERE "MigrationId" = '20240125124450_Seed_Data') THEN
    ALTER TABLE "Tickets" ALTER COLUMN "Modified" TYPE timestamp without time zone;
    END IF;
END $EF$;

DO $EF$
BEGIN
    IF NOT EXISTS(SELECT 1 FROM "__EFMigrationsHistory" WHERE "MigrationId" = '20240125124450_Seed_Data') THEN
    ALTER TABLE "Tickets" ALTER COLUMN "Created" TYPE timestamp without time zone;
    END IF;
END $EF$;

DO $EF$
BEGIN
    IF NOT EXISTS(SELECT 1 FROM "__EFMigrationsHistory" WHERE "MigrationId" = '20240125124450_Seed_Data') THEN
    ALTER TABLE "Tickets" ALTER COLUMN "Closed" TYPE timestamp without time zone;
    END IF;
END $EF$;

DO $EF$
BEGIN
    IF NOT EXISTS(SELECT 1 FROM "__EFMigrationsHistory" WHERE "MigrationId" = '20240125124450_Seed_Data') THEN
    INSERT INTO "AspNetUsers" ("Id", "AccessFailedCount", "ChargeableRate", "ConcurrencyStamp", "Email", "EmailConfirmed", "FirstName", "LastName", "LockoutEnabled", "LockoutEnd", "NormalizedEmail", "NormalizedUserName", "PasswordHash", "PhoneNumber", "PhoneNumberConfirmed", "SecurityStamp", "TwoFactorEnabled", "UserName")
    VALUES ('398d1dda-bc39-4208-b358-f888bfbb2ee9', 0, 180.0, 'd3bf6453-5611-4846-ad5b-083dac66b928', 'hbainbridge@lfrc.com', TRUE, 'Holly', 'Bainbridge', TRUE, NULL, 'HBAINBRIDGE@LFRC.COM', 'HBAINBRIDGE@LFRC.COM', 'AQAAAAIAAYagAAAAECP8GDTUiYpawW2QH0jQrTb+AusonHhbxf6saK3/oCzmieXQpSy58vCmQe4sOLAgBQ==', NULL, FALSE, 'DXQ32QG3BZXE7V2QZC4HNL5G7FJB4EW7', FALSE, 'hbainbridge@lfrc.com');
    INSERT INTO "AspNetUsers" ("Id", "AccessFailedCount", "ChargeableRate", "ConcurrencyStamp", "Email", "EmailConfirmed", "FirstName", "LastName", "LockoutEnabled", "LockoutEnd", "NormalizedEmail", "NormalizedUserName", "PasswordHash", "PhoneNumber", "PhoneNumberConfirmed", "SecurityStamp", "TwoFactorEnabled", "UserName")
    VALUES ('3aca033f-f48d-4a76-ba7c-ac58c629a7ec', 0, 0.0, '7edac54f-7633-49b3-8c90-16d35ef60d78', 'sjackson@lfrc.com', TRUE, 'Shari', 'Jackson', TRUE, NULL, 'SJACKSON@LFRC.COM', 'SJACKSON@LFRC.COM', 'AQAAAAIAAYagAAAAEA0BPAhDLT/LEHuJKiiaJf3BLfFUXqifp5DPoT5RdDZRMRg9mbTSKxqX3sSJkPjqcA==', NULL, FALSE, 'EJGQIJIGPYKWNJSP2LHJZH47HK4NGRPJ', FALSE, 'sjackson@lfrc.com');
    INSERT INTO "AspNetUsers" ("Id", "AccessFailedCount", "ChargeableRate", "ConcurrencyStamp", "Email", "EmailConfirmed", "FirstName", "LastName", "LockoutEnabled", "LockoutEnd", "NormalizedEmail", "NormalizedUserName", "PasswordHash", "PhoneNumber", "PhoneNumberConfirmed", "SecurityStamp", "TwoFactorEnabled", "UserName")
    VALUES ('6cf1351a-f2b6-4504-8d22-25b3dd5437e8', 0, 100.0, 'd3bf6453-5611-4846-ad5b-083dac66b928', 'dhart@lfrc.com', TRUE, 'Devin', 'Hart', TRUE, NULL, 'DHART@LFRC.COM', 'DHART@LFRC.COM', 'AQAAAAIAAYagAAAAECP8GDTUiYpawW2QH0jQrTb+AusonHhbxf6saK3/oCzmieXQpSy58vCmQe4sOLAgBQ==', NULL, FALSE, 'DXQ32QG3BZXE7V2QZC4HNL5G7FJB4EW7', FALSE, 'dhart@lfrc.com');
    INSERT INTO "AspNetUsers" ("Id", "AccessFailedCount", "ChargeableRate", "ConcurrencyStamp", "Email", "EmailConfirmed", "FirstName", "LastName", "LockoutEnabled", "LockoutEnd", "NormalizedEmail", "NormalizedUserName", "PasswordHash", "PhoneNumber", "PhoneNumberConfirmed", "SecurityStamp", "TwoFactorEnabled", "UserName")
    VALUES ('afcd7a50-a4f1-4a5f-831c-94b945f10371', 0, 250.0, 'b1620237-28ff-4aef-b536-acb35ee49e4f', 'cdurbin@lfrc.com', TRUE, 'Carrie', 'Durbin', TRUE, NULL, 'CDURBIN@LFRC.COM', 'CDURBIN@LFRC.COM', 'AQAAAAIAAYagAAAAEC8zLHn4ZizET8ultmwR/nf14f4csdC0hr1NWDuwm9nHzamGBnZ1tlBd1LCtkmPaww==', NULL, FALSE, '5UMDLZ7ACFLFMOA637F2ZYXGTLUFY6G2', FALSE, 'cdurbin@lfrc.com');
    INSERT INTO "AspNetUsers" ("Id", "AccessFailedCount", "ChargeableRate", "ConcurrencyStamp", "Email", "EmailConfirmed", "FirstName", "LastName", "LockoutEnabled", "LockoutEnd", "NormalizedEmail", "NormalizedUserName", "PasswordHash", "PhoneNumber", "PhoneNumberConfirmed", "SecurityStamp", "TwoFactorEnabled", "UserName")
    VALUES ('c22d84fe-375b-4fcd-ae74-ff1235df78e2', 0, 150.0, 'd3bf6453-5611-4846-ad5b-083dac66b928', 'tcolson@lfrc.com', TRUE, 'Tara', 'Colson', TRUE, NULL, 'TCOLSON@LFRC.COM', 'TCOLSON@LFRC.COM', 'AQAAAAIAAYagAAAAECP8GDTUiYpawW2QH0jQrTb+AusonHhbxf6saK3/oCzmieXQpSy58vCmQe4sOLAgBQ==', NULL, FALSE, 'DXQ32QG3BZXE7V2QZC4HNL5G7FJB4EW7', FALSE, 'tcolson@lfrc.com');
    INSERT INTO "AspNetUsers" ("Id", "AccessFailedCount", "ChargeableRate", "ConcurrencyStamp", "Email", "EmailConfirmed", "FirstName", "LastName", "LockoutEnabled", "LockoutEnd", "NormalizedEmail", "NormalizedUserName", "PasswordHash", "PhoneNumber", "PhoneNumberConfirmed", "SecurityStamp", "TwoFactorEnabled", "UserName")
    VALUES ('e666cea7-25b1-4e1e-b6fd-90a536f96ac8', 0, 140.0, 'd3bf6453-5611-4846-ad5b-083dac66b928', 'jmarshall@lfrc.com', TRUE, 'James', 'Marshall', TRUE, NULL, 'JMARSHALL@LFRC.COM', 'JMARSHALL@LFRC.COM', 'AQAAAAIAAYagAAAAECP8GDTUiYpawW2QH0jQrTb+AusonHhbxf6saK3/oCzmieXQpSy58vCmQe4sOLAgBQ==', NULL, FALSE, 'DXQ32QG3BZXE7V2QZC4HNL5G7FJB4EW7', FALSE, 'jmarshall@lfrc.com');
    INSERT INTO "AspNetUsers" ("Id", "AccessFailedCount", "ChargeableRate", "ConcurrencyStamp", "Email", "EmailConfirmed", "FirstName", "LastName", "LockoutEnabled", "LockoutEnd", "NormalizedEmail", "NormalizedUserName", "PasswordHash", "PhoneNumber", "PhoneNumberConfirmed", "SecurityStamp", "TwoFactorEnabled", "UserName")
    VALUES ('ecb59549-4167-4315-a89f-2bf998b1c289', 0, 0.0, 'dcb52449-7275-42ad-baea-3213d588c2be', 'mshoreheim@lfrc.com', TRUE, 'Marty', 'Shoreheim', TRUE, NULL, 'MSHOREHEIM@LFRC.COM', 'MSHOREHEIM@LFRC.COM', 'AQAAAAIAAYagAAAAEO2wfiod2bMvxEqkDwbnFM88xtPo2gOSM0KrJ5nJJ4M38Dnx1Qk2WoXKiLPVpOF/ww==', NULL, FALSE, 'YS2QTXJ5CFFBKWKIVRJVQTDVCS6ZARIU', FALSE, 'mshoreheim@lfrc.com');
    END IF;
END $EF$;

DO $EF$
BEGIN
    IF NOT EXISTS(SELECT 1 FROM "__EFMigrationsHistory" WHERE "MigrationId" = '20240125124450_Seed_Data') THEN
    INSERT INTO "AspNetUserRoles" ("RoleId", "UserId")
    VALUES ('F9D9FA29-3F33-4C3C-9CA2-A51B11581DB7', '398d1dda-bc39-4208-b358-f888bfbb2ee9');
    INSERT INTO "AspNetUserRoles" ("RoleId", "UserId")
    VALUES ('3D8EEDC8-9B0C-4921-9681-4A55D35BD5DD', '3aca033f-f48d-4a76-ba7c-ac58c629a7ec');
    INSERT INTO "AspNetUserRoles" ("RoleId", "UserId")
    VALUES ('F9D9FA29-3F33-4C3C-9CA2-A51B11581DB7', '6cf1351a-f2b6-4504-8d22-25b3dd5437e8');
    INSERT INTO "AspNetUserRoles" ("RoleId", "UserId")
    VALUES ('F9D9FA29-3F33-4C3C-9CA2-A51B11581DB7', 'afcd7a50-a4f1-4a5f-831c-94b945f10371');
    INSERT INTO "AspNetUserRoles" ("RoleId", "UserId")
    VALUES ('F9D9FA29-3F33-4C3C-9CA2-A51B11581DB7', 'c22d84fe-375b-4fcd-ae74-ff1235df78e2');
    INSERT INTO "AspNetUserRoles" ("RoleId", "UserId")
    VALUES ('F9D9FA29-3F33-4C3C-9CA2-A51B11581DB7', 'e666cea7-25b1-4e1e-b6fd-90a536f96ac8');
    INSERT INTO "AspNetUserRoles" ("RoleId", "UserId")
    VALUES ('A83849D4-4393-4930-9C1A-319AA1572F59', 'ecb59549-4167-4315-a89f-2bf998b1c289');
    END IF;
END $EF$;

DO $EF$
BEGIN
    IF NOT EXISTS(SELECT 1 FROM "__EFMigrationsHistory" WHERE "MigrationId" = '20240125124450_Seed_Data') THEN
    INSERT INTO "Tickets" ("Id", "AssignedToId", "BillableHours", "Closed", "Created", "CreatorId", "CustomerId", "Description", "Modified", "ModifierId", "Status", "Title")
    VALUES (5, NULL, 35, NULL, TIMESTAMP '2018-10-23T06:08:18', 'c22d84fe-375b-4fcd-ae74-ff1235df78e2', 1, 'The flight represents a breakthrough in "ionic wind" technology, which uses a powerful electric field to generate charged nitrogen ions, which are then expelled from the back of the aircraft, generating thrust. Steven Barrett, an aeronautics professor at MIT and the lead author of the study published in the journal Nature, said the inspiration for the project came straight from the science fiction of his childhood. "I was a big fan of Star Trek, and at that point I thought that the future looked like it should be planes that fly silently, with no moving parts – and maybe have a blue glow."', TIMESTAMP '2021-03-15T03:24:50', 'afcd7a50-a4f1-4a5f-831c-94b945f10371', 0, 'Incident 5');
    INSERT INTO "Tickets" ("Id", "AssignedToId", "BillableHours", "Closed", "Created", "CreatorId", "CustomerId", "Description", "Modified", "ModifierId", "Status", "Title")
    VALUES (6, 'afcd7a50-a4f1-4a5f-831c-94b945f10371', 32, NULL, TIMESTAMP '2018-12-13T05:53:12', 'e666cea7-25b1-4e1e-b6fd-90a536f96ac8', 2, 'The flight represents a breakthrough in "ionic wind" technology, which uses a powerful electric field to generate charged nitrogen ions, which are then expelled from the back of the aircraft, generating thrust. Steven Barrett, an aeronautics professor at MIT and the lead author of the study published in the journal Nature, said the inspiration for the project came straight from the science fiction of his childhood. "I was a big fan of Star Trek, and at that point I thought that the future looked like it should be planes that fly silently, with no moving parts – and maybe have a blue glow."', TIMESTAMP '2022-10-22T02:03:36', '6cf1351a-f2b6-4504-8d22-25b3dd5437e8', 2, 'Incident 6');
    INSERT INTO "Tickets" ("Id", "AssignedToId", "BillableHours", "Closed", "Created", "CreatorId", "CustomerId", "Description", "Modified", "ModifierId", "Status", "Title")
    VALUES (7, 'e666cea7-25b1-4e1e-b6fd-90a536f96ac8', 7, NULL, TIMESTAMP '2019-06-06T19:52:30', 'c22d84fe-375b-4fcd-ae74-ff1235df78e2', 3, 'The flight represents a breakthrough in "ionic wind" technology, which uses a powerful electric field to generate charged nitrogen ions, which are then expelled from the back of the aircraft, generating thrust. Steven Barrett, an aeronautics professor at MIT and the lead author of the study published in the journal Nature, said the inspiration for the project came straight from the science fiction of his childhood. "I was a big fan of Star Trek, and at that point I thought that the future looked like it should be planes that fly silently, with no moving parts – and maybe have a blue glow."', TIMESTAMP '2022-10-26T12:03:25', '398d1dda-bc39-4208-b358-f888bfbb2ee9', 1, 'Incident 7');
    INSERT INTO "Tickets" ("Id", "AssignedToId", "BillableHours", "Closed", "Created", "CreatorId", "CustomerId", "Description", "Modified", "ModifierId", "Status", "Title")
    VALUES (8, 'e666cea7-25b1-4e1e-b6fd-90a536f96ac8', 25, NULL, TIMESTAMP '2022-09-15T23:58:57', 'c22d84fe-375b-4fcd-ae74-ff1235df78e2', 3, 'The flight represents a breakthrough in "ionic wind" technology, which uses a powerful electric field to generate charged nitrogen ions, which are then expelled from the back of the aircraft, generating thrust. Steven Barrett, an aeronautics professor at MIT and the lead author of the study published in the journal Nature, said the inspiration for the project came straight from the science fiction of his childhood. "I was a big fan of Star Trek, and at that point I thought that the future looked like it should be planes that fly silently, with no moving parts – and maybe have a blue glow."', TIMESTAMP '2023-01-09T16:12:29', 'afcd7a50-a4f1-4a5f-831c-94b945f10371', 2, 'Incident 8');
    INSERT INTO "Tickets" ("Id", "AssignedToId", "BillableHours", "Closed", "Created", "CreatorId", "CustomerId", "Description", "Modified", "ModifierId", "Status", "Title")
    VALUES (9, 'c22d84fe-375b-4fcd-ae74-ff1235df78e2', 13, TIMESTAMP '2022-12-08T14:00:19', TIMESTAMP '2019-09-19T09:02:21', '398d1dda-bc39-4208-b358-f888bfbb2ee9', 3, 'The flight represents a breakthrough in "ionic wind" technology, which uses a powerful electric field to generate charged nitrogen ions, which are then expelled from the back of the aircraft, generating thrust. Steven Barrett, an aeronautics professor at MIT and the lead author of the study published in the journal Nature, said the inspiration for the project came straight from the science fiction of his childhood. "I was a big fan of Star Trek, and at that point I thought that the future looked like it should be planes that fly silently, with no moving parts – and maybe have a blue glow."', TIMESTAMP '2022-12-08T14:00:19', 'c22d84fe-375b-4fcd-ae74-ff1235df78e2', 3, 'Incident 9');
    INSERT INTO "Tickets" ("Id", "AssignedToId", "BillableHours", "Closed", "Created", "CreatorId", "CustomerId", "Description", "Modified", "ModifierId", "Status", "Title")
    VALUES (10, '398d1dda-bc39-4208-b358-f888bfbb2ee9', 25, NULL, TIMESTAMP '2019-07-27T07:52:47', '398d1dda-bc39-4208-b358-f888bfbb2ee9', 2, 'The flight represents a breakthrough in "ionic wind" technology, which uses a powerful electric field to generate charged nitrogen ions, which are then expelled from the back of the aircraft, generating thrust. Steven Barrett, an aeronautics professor at MIT and the lead author of the study published in the journal Nature, said the inspiration for the project came straight from the science fiction of his childhood. "I was a big fan of Star Trek, and at that point I thought that the future looked like it should be planes that fly silently, with no moving parts – and maybe have a blue glow."', TIMESTAMP '2021-03-29T04:43:37', 'e666cea7-25b1-4e1e-b6fd-90a536f96ac8', 1, 'Incident 10');
    INSERT INTO "Tickets" ("Id", "AssignedToId", "BillableHours", "Closed", "Created", "CreatorId", "CustomerId", "Description", "Modified", "ModifierId", "Status", "Title")
    VALUES (11, 'c22d84fe-375b-4fcd-ae74-ff1235df78e2', 30, NULL, TIMESTAMP '2019-09-06T04:00:55', 'c22d84fe-375b-4fcd-ae74-ff1235df78e2', 2, 'The flight represents a breakthrough in "ionic wind" technology, which uses a powerful electric field to generate charged nitrogen ions, which are then expelled from the back of the aircraft, generating thrust. Steven Barrett, an aeronautics professor at MIT and the lead author of the study published in the journal Nature, said the inspiration for the project came straight from the science fiction of his childhood. "I was a big fan of Star Trek, and at that point I thought that the future looked like it should be planes that fly silently, with no moving parts – and maybe have a blue glow."', TIMESTAMP '2022-06-05T08:04:09', 'c22d84fe-375b-4fcd-ae74-ff1235df78e2', 1, 'Incident 11');
    INSERT INTO "Tickets" ("Id", "AssignedToId", "BillableHours", "Closed", "Created", "CreatorId", "CustomerId", "Description", "Modified", "ModifierId", "Status", "Title")
    VALUES (12, 'e666cea7-25b1-4e1e-b6fd-90a536f96ac8', 34, TIMESTAMP '2023-01-22T15:44:08', TIMESTAMP '2023-01-06T03:17:22', '398d1dda-bc39-4208-b358-f888bfbb2ee9', 1, 'The flight represents a breakthrough in "ionic wind" technology, which uses a powerful electric field to generate charged nitrogen ions, which are then expelled from the back of the aircraft, generating thrust. Steven Barrett, an aeronautics professor at MIT and the lead author of the study published in the journal Nature, said the inspiration for the project came straight from the science fiction of his childhood. "I was a big fan of Star Trek, and at that point I thought that the future looked like it should be planes that fly silently, with no moving parts – and maybe have a blue glow."', TIMESTAMP '2023-01-22T15:44:08', 'afcd7a50-a4f1-4a5f-831c-94b945f10371', 3, 'Incident 12');
    INSERT INTO "Tickets" ("Id", "AssignedToId", "BillableHours", "Closed", "Created", "CreatorId", "CustomerId", "Description", "Modified", "ModifierId", "Status", "Title")
    VALUES (13, '6cf1351a-f2b6-4504-8d22-25b3dd5437e8', 36, TIMESTAMP '2019-04-24T21:49:32', TIMESTAMP '2018-07-26T00:48:48', '6cf1351a-f2b6-4504-8d22-25b3dd5437e8', 1, 'The flight represents a breakthrough in "ionic wind" technology, which uses a powerful electric field to generate charged nitrogen ions, which are then expelled from the back of the aircraft, generating thrust. Steven Barrett, an aeronautics professor at MIT and the lead author of the study published in the journal Nature, said the inspiration for the project came straight from the science fiction of his childhood. "I was a big fan of Star Trek, and at that point I thought that the future looked like it should be planes that fly silently, with no moving parts – and maybe have a blue glow."', TIMESTAMP '2019-04-24T21:49:32', 'c22d84fe-375b-4fcd-ae74-ff1235df78e2', 3, 'Incident 13');
    INSERT INTO "Tickets" ("Id", "AssignedToId", "BillableHours", "Closed", "Created", "CreatorId", "CustomerId", "Description", "Modified", "ModifierId", "Status", "Title")
    VALUES (14, 'c22d84fe-375b-4fcd-ae74-ff1235df78e2', 39, NULL, TIMESTAMP '2018-03-20T08:46:57', 'afcd7a50-a4f1-4a5f-831c-94b945f10371', 1, 'The flight represents a breakthrough in "ionic wind" technology, which uses a powerful electric field to generate charged nitrogen ions, which are then expelled from the back of the aircraft, generating thrust. Steven Barrett, an aeronautics professor at MIT and the lead author of the study published in the journal Nature, said the inspiration for the project came straight from the science fiction of his childhood. "I was a big fan of Star Trek, and at that point I thought that the future looked like it should be planes that fly silently, with no moving parts – and maybe have a blue glow."', TIMESTAMP '2022-12-01T12:17:44', 'e666cea7-25b1-4e1e-b6fd-90a536f96ac8', 4, 'Incident 14');
    INSERT INTO "Tickets" ("Id", "AssignedToId", "BillableHours", "Closed", "Created", "CreatorId", "CustomerId", "Description", "Modified", "ModifierId", "Status", "Title")
    VALUES (15, NULL, 28, NULL, TIMESTAMP '2021-11-09T17:44:13', '6cf1351a-f2b6-4504-8d22-25b3dd5437e8', 3, 'The flight represents a breakthrough in "ionic wind" technology, which uses a powerful electric field to generate charged nitrogen ions, which are then expelled from the back of the aircraft, generating thrust. Steven Barrett, an aeronautics professor at MIT and the lead author of the study published in the journal Nature, said the inspiration for the project came straight from the science fiction of his childhood. "I was a big fan of Star Trek, and at that point I thought that the future looked like it should be planes that fly silently, with no moving parts – and maybe have a blue glow."', TIMESTAMP '2023-01-11T14:44:51', 'afcd7a50-a4f1-4a5f-831c-94b945f10371', 0, 'Incident 15');
    INSERT INTO "Tickets" ("Id", "AssignedToId", "BillableHours", "Closed", "Created", "CreatorId", "CustomerId", "Description", "Modified", "ModifierId", "Status", "Title")
    VALUES (16, 'c22d84fe-375b-4fcd-ae74-ff1235df78e2', 20, NULL, TIMESTAMP '2020-11-02T07:13:32', 'afcd7a50-a4f1-4a5f-831c-94b945f10371', 2, 'The flight represents a breakthrough in "ionic wind" technology, which uses a powerful electric field to generate charged nitrogen ions, which are then expelled from the back of the aircraft, generating thrust. Steven Barrett, an aeronautics professor at MIT and the lead author of the study published in the journal Nature, said the inspiration for the project came straight from the science fiction of his childhood. "I was a big fan of Star Trek, and at that point I thought that the future looked like it should be planes that fly silently, with no moving parts – and maybe have a blue glow."', TIMESTAMP '2020-11-02T07:13:32', 'afcd7a50-a4f1-4a5f-831c-94b945f10371', 4, 'Incident 16');
    INSERT INTO "Tickets" ("Id", "AssignedToId", "BillableHours", "Closed", "Created", "CreatorId", "CustomerId", "Description", "Modified", "ModifierId", "Status", "Title")
    VALUES (17, 'c22d84fe-375b-4fcd-ae74-ff1235df78e2', 32, NULL, TIMESTAMP '2019-05-19T14:37:16', 'c22d84fe-375b-4fcd-ae74-ff1235df78e2', 3, 'The flight represents a breakthrough in "ionic wind" technology, which uses a powerful electric field to generate charged nitrogen ions, which are then expelled from the back of the aircraft, generating thrust. Steven Barrett, an aeronautics professor at MIT and the lead author of the study published in the journal Nature, said the inspiration for the project came straight from the science fiction of his childhood. "I was a big fan of Star Trek, and at that point I thought that the future looked like it should be planes that fly silently, with no moving parts – and maybe have a blue glow."', TIMESTAMP '2020-02-18T03:18:35', 'e666cea7-25b1-4e1e-b6fd-90a536f96ac8', 1, 'Incident 17');
    INSERT INTO "Tickets" ("Id", "AssignedToId", "BillableHours", "Closed", "Created", "CreatorId", "CustomerId", "Description", "Modified", "ModifierId", "Status", "Title")
    VALUES (18, '398d1dda-bc39-4208-b358-f888bfbb2ee9', 27, NULL, TIMESTAMP '2018-03-21T14:03:23', 'c22d84fe-375b-4fcd-ae74-ff1235df78e2', 3, 'The flight represents a breakthrough in "ionic wind" technology, which uses a powerful electric field to generate charged nitrogen ions, which are then expelled from the back of the aircraft, generating thrust. Steven Barrett, an aeronautics professor at MIT and the lead author of the study published in the journal Nature, said the inspiration for the project came straight from the science fiction of his childhood. "I was a big fan of Star Trek, and at that point I thought that the future looked like it should be planes that fly silently, with no moving parts – and maybe have a blue glow."', TIMESTAMP '2021-05-03T14:45:53', '398d1dda-bc39-4208-b358-f888bfbb2ee9', 4, 'Incident 18');
    INSERT INTO "Tickets" ("Id", "AssignedToId", "BillableHours", "Closed", "Created", "CreatorId", "CustomerId", "Description", "Modified", "ModifierId", "Status", "Title")
    VALUES (19, NULL, 27, NULL, TIMESTAMP '2022-01-15T05:28:56', '6cf1351a-f2b6-4504-8d22-25b3dd5437e8', 3, 'The flight represents a breakthrough in "ionic wind" technology, which uses a powerful electric field to generate charged nitrogen ions, which are then expelled from the back of the aircraft, generating thrust. Steven Barrett, an aeronautics professor at MIT and the lead author of the study published in the journal Nature, said the inspiration for the project came straight from the science fiction of his childhood. "I was a big fan of Star Trek, and at that point I thought that the future looked like it should be planes that fly silently, with no moving parts – and maybe have a blue glow."', TIMESTAMP '2022-08-28T02:20:03', 'c22d84fe-375b-4fcd-ae74-ff1235df78e2', 0, 'Incident 19');
    INSERT INTO "Tickets" ("Id", "AssignedToId", "BillableHours", "Closed", "Created", "CreatorId", "CustomerId", "Description", "Modified", "ModifierId", "Status", "Title")
    VALUES (20, 'afcd7a50-a4f1-4a5f-831c-94b945f10371', 6, NULL, TIMESTAMP '2020-11-01T17:20:29', 'c22d84fe-375b-4fcd-ae74-ff1235df78e2', 2, 'The flight represents a breakthrough in "ionic wind" technology, which uses a powerful electric field to generate charged nitrogen ions, which are then expelled from the back of the aircraft, generating thrust. Steven Barrett, an aeronautics professor at MIT and the lead author of the study published in the journal Nature, said the inspiration for the project came straight from the science fiction of his childhood. "I was a big fan of Star Trek, and at that point I thought that the future looked like it should be planes that fly silently, with no moving parts – and maybe have a blue glow."', TIMESTAMP '2023-01-05T19:26:31', '6cf1351a-f2b6-4504-8d22-25b3dd5437e8', 4, 'Incident 20');
    INSERT INTO "Tickets" ("Id", "AssignedToId", "BillableHours", "Closed", "Created", "CreatorId", "CustomerId", "Description", "Modified", "ModifierId", "Status", "Title")
    VALUES (21, '6cf1351a-f2b6-4504-8d22-25b3dd5437e8', 31, NULL, TIMESTAMP '2019-02-28T01:26:20', '6cf1351a-f2b6-4504-8d22-25b3dd5437e8', 2, 'The flight represents a breakthrough in "ionic wind" technology, which uses a powerful electric field to generate charged nitrogen ions, which are then expelled from the back of the aircraft, generating thrust. Steven Barrett, an aeronautics professor at MIT and the lead author of the study published in the journal Nature, said the inspiration for the project came straight from the science fiction of his childhood. "I was a big fan of Star Trek, and at that point I thought that the future looked like it should be planes that fly silently, with no moving parts – and maybe have a blue glow."', TIMESTAMP '2022-12-21T19:51:32', 'e666cea7-25b1-4e1e-b6fd-90a536f96ac8', 1, 'Incident 21');
    INSERT INTO "Tickets" ("Id", "AssignedToId", "BillableHours", "Closed", "Created", "CreatorId", "CustomerId", "Description", "Modified", "ModifierId", "Status", "Title")
    VALUES (22, '398d1dda-bc39-4208-b358-f888bfbb2ee9', 8, NULL, TIMESTAMP '2019-01-17T12:14:42', '398d1dda-bc39-4208-b358-f888bfbb2ee9', 2, 'The flight represents a breakthrough in "ionic wind" technology, which uses a powerful electric field to generate charged nitrogen ions, which are then expelled from the back of the aircraft, generating thrust. Steven Barrett, an aeronautics professor at MIT and the lead author of the study published in the journal Nature, said the inspiration for the project came straight from the science fiction of his childhood. "I was a big fan of Star Trek, and at that point I thought that the future looked like it should be planes that fly silently, with no moving parts – and maybe have a blue glow."', TIMESTAMP '2019-01-17T12:14:42', '398d1dda-bc39-4208-b358-f888bfbb2ee9', 1, 'Incident 22');
    INSERT INTO "Tickets" ("Id", "AssignedToId", "BillableHours", "Closed", "Created", "CreatorId", "CustomerId", "Description", "Modified", "ModifierId", "Status", "Title")
    VALUES (23, 'e666cea7-25b1-4e1e-b6fd-90a536f96ac8', 28, NULL, TIMESTAMP '2021-05-17T22:12:08', '6cf1351a-f2b6-4504-8d22-25b3dd5437e8', 2, 'The flight represents a breakthrough in "ionic wind" technology, which uses a powerful electric field to generate charged nitrogen ions, which are then expelled from the back of the aircraft, generating thrust. Steven Barrett, an aeronautics professor at MIT and the lead author of the study published in the journal Nature, said the inspiration for the project came straight from the science fiction of his childhood. "I was a big fan of Star Trek, and at that point I thought that the future looked like it should be planes that fly silently, with no moving parts – and maybe have a blue glow."', TIMESTAMP '2022-04-17T23:14:53', 'afcd7a50-a4f1-4a5f-831c-94b945f10371', 4, 'Incident 23');
    INSERT INTO "Tickets" ("Id", "AssignedToId", "BillableHours", "Closed", "Created", "CreatorId", "CustomerId", "Description", "Modified", "ModifierId", "Status", "Title")
    VALUES (24, '6cf1351a-f2b6-4504-8d22-25b3dd5437e8', 15, NULL, TIMESTAMP '2021-07-16T05:27:57', 'e666cea7-25b1-4e1e-b6fd-90a536f96ac8', 1, 'The flight represents a breakthrough in "ionic wind" technology, which uses a powerful electric field to generate charged nitrogen ions, which are then expelled from the back of the aircraft, generating thrust. Steven Barrett, an aeronautics professor at MIT and the lead author of the study published in the journal Nature, said the inspiration for the project came straight from the science fiction of his childhood. "I was a big fan of Star Trek, and at that point I thought that the future looked like it should be planes that fly silently, with no moving parts – and maybe have a blue glow."', TIMESTAMP '2022-11-30T08:09:08', 'afcd7a50-a4f1-4a5f-831c-94b945f10371', 1, 'Incident 24');
    INSERT INTO "Tickets" ("Id", "AssignedToId", "BillableHours", "Closed", "Created", "CreatorId", "CustomerId", "Description", "Modified", "ModifierId", "Status", "Title")
    VALUES (25, 'c22d84fe-375b-4fcd-ae74-ff1235df78e2', 6, NULL, TIMESTAMP '2019-09-29T19:43:04', 'afcd7a50-a4f1-4a5f-831c-94b945f10371', 2, 'The flight represents a breakthrough in "ionic wind" technology, which uses a powerful electric field to generate charged nitrogen ions, which are then expelled from the back of the aircraft, generating thrust. Steven Barrett, an aeronautics professor at MIT and the lead author of the study published in the journal Nature, said the inspiration for the project came straight from the science fiction of his childhood. "I was a big fan of Star Trek, and at that point I thought that the future looked like it should be planes that fly silently, with no moving parts – and maybe have a blue glow."', TIMESTAMP '2022-11-05T11:18:09', 'e666cea7-25b1-4e1e-b6fd-90a536f96ac8', 4, 'Incident 25');
    INSERT INTO "Tickets" ("Id", "AssignedToId", "BillableHours", "Closed", "Created", "CreatorId", "CustomerId", "Description", "Modified", "ModifierId", "Status", "Title")
    VALUES (26, NULL, 28, NULL, TIMESTAMP '2020-10-11T00:35:38', '6cf1351a-f2b6-4504-8d22-25b3dd5437e8', 2, 'The flight represents a breakthrough in "ionic wind" technology, which uses a powerful electric field to generate charged nitrogen ions, which are then expelled from the back of the aircraft, generating thrust. Steven Barrett, an aeronautics professor at MIT and the lead author of the study published in the journal Nature, said the inspiration for the project came straight from the science fiction of his childhood. "I was a big fan of Star Trek, and at that point I thought that the future looked like it should be planes that fly silently, with no moving parts – and maybe have a blue glow."', TIMESTAMP '2023-01-07T03:43:22', 'c22d84fe-375b-4fcd-ae74-ff1235df78e2', 0, 'Incident 26');
    INSERT INTO "Tickets" ("Id", "AssignedToId", "BillableHours", "Closed", "Created", "CreatorId", "CustomerId", "Description", "Modified", "ModifierId", "Status", "Title")
    VALUES (27, 'c22d84fe-375b-4fcd-ae74-ff1235df78e2', 32, TIMESTAMP '2023-01-23T20:40:00', TIMESTAMP '2019-05-21T07:47:28', 'e666cea7-25b1-4e1e-b6fd-90a536f96ac8', 3, 'The flight represents a breakthrough in "ionic wind" technology, which uses a powerful electric field to generate charged nitrogen ions, which are then expelled from the back of the aircraft, generating thrust. Steven Barrett, an aeronautics professor at MIT and the lead author of the study published in the journal Nature, said the inspiration for the project came straight from the science fiction of his childhood. "I was a big fan of Star Trek, and at that point I thought that the future looked like it should be planes that fly silently, with no moving parts – and maybe have a blue glow."', TIMESTAMP '2023-01-23T20:40:00', 'afcd7a50-a4f1-4a5f-831c-94b945f10371', 3, 'Incident 27');
    INSERT INTO "Tickets" ("Id", "AssignedToId", "BillableHours", "Closed", "Created", "CreatorId", "CustomerId", "Description", "Modified", "ModifierId", "Status", "Title")
    VALUES (28, 'e666cea7-25b1-4e1e-b6fd-90a536f96ac8', 40, TIMESTAMP '2022-11-26T13:11:52', TIMESTAMP '2022-08-14T04:12:16', '6cf1351a-f2b6-4504-8d22-25b3dd5437e8', 2, 'The flight represents a breakthrough in "ionic wind" technology, which uses a powerful electric field to generate charged nitrogen ions, which are then expelled from the back of the aircraft, generating thrust. Steven Barrett, an aeronautics professor at MIT and the lead author of the study published in the journal Nature, said the inspiration for the project came straight from the science fiction of his childhood. "I was a big fan of Star Trek, and at that point I thought that the future looked like it should be planes that fly silently, with no moving parts – and maybe have a blue glow."', TIMESTAMP '2022-11-26T13:11:52', '398d1dda-bc39-4208-b358-f888bfbb2ee9', 3, 'Incident 28');
    INSERT INTO "Tickets" ("Id", "AssignedToId", "BillableHours", "Closed", "Created", "CreatorId", "CustomerId", "Description", "Modified", "ModifierId", "Status", "Title")
    VALUES (29, NULL, 29, NULL, TIMESTAMP '2018-03-23T15:17:10', 'c22d84fe-375b-4fcd-ae74-ff1235df78e2', 2, 'The flight represents a breakthrough in "ionic wind" technology, which uses a powerful electric field to generate charged nitrogen ions, which are then expelled from the back of the aircraft, generating thrust. Steven Barrett, an aeronautics professor at MIT and the lead author of the study published in the journal Nature, said the inspiration for the project came straight from the science fiction of his childhood. "I was a big fan of Star Trek, and at that point I thought that the future looked like it should be planes that fly silently, with no moving parts – and maybe have a blue glow."', TIMESTAMP '2022-05-17T15:56:26', '398d1dda-bc39-4208-b358-f888bfbb2ee9', 0, 'Incident 29');
    INSERT INTO "Tickets" ("Id", "AssignedToId", "BillableHours", "Closed", "Created", "CreatorId", "CustomerId", "Description", "Modified", "ModifierId", "Status", "Title")
    VALUES (30, '6cf1351a-f2b6-4504-8d22-25b3dd5437e8', 28, TIMESTAMP '2022-12-08T17:10:57', TIMESTAMP '2022-08-21T23:58:21', 'e666cea7-25b1-4e1e-b6fd-90a536f96ac8', 2, 'The flight represents a breakthrough in "ionic wind" technology, which uses a powerful electric field to generate charged nitrogen ions, which are then expelled from the back of the aircraft, generating thrust. Steven Barrett, an aeronautics professor at MIT and the lead author of the study published in the journal Nature, said the inspiration for the project came straight from the science fiction of his childhood. "I was a big fan of Star Trek, and at that point I thought that the future looked like it should be planes that fly silently, with no moving parts – and maybe have a blue glow."', TIMESTAMP '2022-12-08T17:10:57', '398d1dda-bc39-4208-b358-f888bfbb2ee9', 3, 'Incident 30');
    INSERT INTO "Tickets" ("Id", "AssignedToId", "BillableHours", "Closed", "Created", "CreatorId", "CustomerId", "Description", "Modified", "ModifierId", "Status", "Title")
    VALUES (31, '398d1dda-bc39-4208-b358-f888bfbb2ee9', 40, TIMESTAMP '2022-11-20T06:38:41', TIMESTAMP '2019-06-13T08:29:15', 'c22d84fe-375b-4fcd-ae74-ff1235df78e2', 1, 'The flight represents a breakthrough in "ionic wind" technology, which uses a powerful electric field to generate charged nitrogen ions, which are then expelled from the back of the aircraft, generating thrust. Steven Barrett, an aeronautics professor at MIT and the lead author of the study published in the journal Nature, said the inspiration for the project came straight from the science fiction of his childhood. "I was a big fan of Star Trek, and at that point I thought that the future looked like it should be planes that fly silently, with no moving parts – and maybe have a blue glow."', TIMESTAMP '2019-06-13T08:29:15', 'c22d84fe-375b-4fcd-ae74-ff1235df78e2', 3, 'Incident 31');
    INSERT INTO "Tickets" ("Id", "AssignedToId", "BillableHours", "Closed", "Created", "CreatorId", "CustomerId", "Description", "Modified", "ModifierId", "Status", "Title")
    VALUES (32, '6cf1351a-f2b6-4504-8d22-25b3dd5437e8', 15, NULL, TIMESTAMP '2018-07-31T22:57:46', 'c22d84fe-375b-4fcd-ae74-ff1235df78e2', 1, 'The flight represents a breakthrough in "ionic wind" technology, which uses a powerful electric field to generate charged nitrogen ions, which are then expelled from the back of the aircraft, generating thrust. Steven Barrett, an aeronautics professor at MIT and the lead author of the study published in the journal Nature, said the inspiration for the project came straight from the science fiction of his childhood. "I was a big fan of Star Trek, and at that point I thought that the future looked like it should be planes that fly silently, with no moving parts – and maybe have a blue glow."', TIMESTAMP '2021-11-18T14:33:08', 'afcd7a50-a4f1-4a5f-831c-94b945f10371', 4, 'Incident 32');
    INSERT INTO "Tickets" ("Id", "AssignedToId", "BillableHours", "Closed", "Created", "CreatorId", "CustomerId", "Description", "Modified", "ModifierId", "Status", "Title")
    VALUES (33, 'c22d84fe-375b-4fcd-ae74-ff1235df78e2', 8, NULL, TIMESTAMP '2021-08-05T15:50:37', 'afcd7a50-a4f1-4a5f-831c-94b945f10371', 3, 'The flight represents a breakthrough in "ionic wind" technology, which uses a powerful electric field to generate charged nitrogen ions, which are then expelled from the back of the aircraft, generating thrust. Steven Barrett, an aeronautics professor at MIT and the lead author of the study published in the journal Nature, said the inspiration for the project came straight from the science fiction of his childhood. "I was a big fan of Star Trek, and at that point I thought that the future looked like it should be planes that fly silently, with no moving parts – and maybe have a blue glow."', TIMESTAMP '2022-07-31T07:26:17', 'e666cea7-25b1-4e1e-b6fd-90a536f96ac8', 1, 'Incident 33');
    INSERT INTO "Tickets" ("Id", "AssignedToId", "BillableHours", "Closed", "Created", "CreatorId", "CustomerId", "Description", "Modified", "ModifierId", "Status", "Title")
    VALUES (34, 'afcd7a50-a4f1-4a5f-831c-94b945f10371', 8, TIMESTAMP '2021-09-17T06:33:22', TIMESTAMP '2020-10-24T17:29:16', 'afcd7a50-a4f1-4a5f-831c-94b945f10371', 2, 'The flight represents a breakthrough in "ionic wind" technology, which uses a powerful electric field to generate charged nitrogen ions, which are then expelled from the back of the aircraft, generating thrust. Steven Barrett, an aeronautics professor at MIT and the lead author of the study published in the journal Nature, said the inspiration for the project came straight from the science fiction of his childhood. "I was a big fan of Star Trek, and at that point I thought that the future looked like it should be planes that fly silently, with no moving parts – and maybe have a blue glow."', TIMESTAMP '2021-09-17T06:33:22', 'e666cea7-25b1-4e1e-b6fd-90a536f96ac8', 3, 'Incident 34');
    INSERT INTO "Tickets" ("Id", "AssignedToId", "BillableHours", "Closed", "Created", "CreatorId", "CustomerId", "Description", "Modified", "ModifierId", "Status", "Title")
    VALUES (35, 'c22d84fe-375b-4fcd-ae74-ff1235df78e2', 22, TIMESTAMP '2021-10-04T09:09:17', TIMESTAMP '2021-05-05T03:27:05', 'e666cea7-25b1-4e1e-b6fd-90a536f96ac8', 1, 'The flight represents a breakthrough in "ionic wind" technology, which uses a powerful electric field to generate charged nitrogen ions, which are then expelled from the back of the aircraft, generating thrust. Steven Barrett, an aeronautics professor at MIT and the lead author of the study published in the journal Nature, said the inspiration for the project came straight from the science fiction of his childhood. "I was a big fan of Star Trek, and at that point I thought that the future looked like it should be planes that fly silently, with no moving parts – and maybe have a blue glow."', TIMESTAMP '2021-10-04T09:09:17', 'c22d84fe-375b-4fcd-ae74-ff1235df78e2', 3, 'Incident 35');
    INSERT INTO "Tickets" ("Id", "AssignedToId", "BillableHours", "Closed", "Created", "CreatorId", "CustomerId", "Description", "Modified", "ModifierId", "Status", "Title")
    VALUES (36, 'c22d84fe-375b-4fcd-ae74-ff1235df78e2', 39, NULL, TIMESTAMP '2018-08-18T02:13:26', 'c22d84fe-375b-4fcd-ae74-ff1235df78e2', 3, 'The flight represents a breakthrough in "ionic wind" technology, which uses a powerful electric field to generate charged nitrogen ions, which are then expelled from the back of the aircraft, generating thrust. Steven Barrett, an aeronautics professor at MIT and the lead author of the study published in the journal Nature, said the inspiration for the project came straight from the science fiction of his childhood. "I was a big fan of Star Trek, and at that point I thought that the future looked like it should be planes that fly silently, with no moving parts – and maybe have a blue glow."', TIMESTAMP '2022-03-25T06:32:16', '6cf1351a-f2b6-4504-8d22-25b3dd5437e8', 1, 'Incident 36');
    INSERT INTO "Tickets" ("Id", "AssignedToId", "BillableHours", "Closed", "Created", "CreatorId", "CustomerId", "Description", "Modified", "ModifierId", "Status", "Title")
    VALUES (37, 'afcd7a50-a4f1-4a5f-831c-94b945f10371', 26, NULL, TIMESTAMP '2018-02-27T12:39:36', 'afcd7a50-a4f1-4a5f-831c-94b945f10371', 3, 'The flight represents a breakthrough in "ionic wind" technology, which uses a powerful electric field to generate charged nitrogen ions, which are then expelled from the back of the aircraft, generating thrust. Steven Barrett, an aeronautics professor at MIT and the lead author of the study published in the journal Nature, said the inspiration for the project came straight from the science fiction of his childhood. "I was a big fan of Star Trek, and at that point I thought that the future looked like it should be planes that fly silently, with no moving parts – and maybe have a blue glow."', TIMESTAMP '2022-06-05T20:33:04', '398d1dda-bc39-4208-b358-f888bfbb2ee9', 1, 'Incident 37');
    INSERT INTO "Tickets" ("Id", "AssignedToId", "BillableHours", "Closed", "Created", "CreatorId", "CustomerId", "Description", "Modified", "ModifierId", "Status", "Title")
    VALUES (38, 'afcd7a50-a4f1-4a5f-831c-94b945f10371', 28, TIMESTAMP '2022-03-02T09:01:55', TIMESTAMP '2020-12-16T01:45:59', '6cf1351a-f2b6-4504-8d22-25b3dd5437e8', 3, 'The flight represents a breakthrough in "ionic wind" technology, which uses a powerful electric field to generate charged nitrogen ions, which are then expelled from the back of the aircraft, generating thrust. Steven Barrett, an aeronautics professor at MIT and the lead author of the study published in the journal Nature, said the inspiration for the project came straight from the science fiction of his childhood. "I was a big fan of Star Trek, and at that point I thought that the future looked like it should be planes that fly silently, with no moving parts – and maybe have a blue glow."', TIMESTAMP '2022-03-02T09:01:55', '6cf1351a-f2b6-4504-8d22-25b3dd5437e8', 3, 'Incident 38');
    INSERT INTO "Tickets" ("Id", "AssignedToId", "BillableHours", "Closed", "Created", "CreatorId", "CustomerId", "Description", "Modified", "ModifierId", "Status", "Title")
    VALUES (39, 'c22d84fe-375b-4fcd-ae74-ff1235df78e2', 22, TIMESTAMP '2022-07-06T02:09:28', TIMESTAMP '2020-01-01T16:28:04', 'afcd7a50-a4f1-4a5f-831c-94b945f10371', 2, 'The flight represents a breakthrough in "ionic wind" technology, which uses a powerful electric field to generate charged nitrogen ions, which are then expelled from the back of the aircraft, generating thrust. Steven Barrett, an aeronautics professor at MIT and the lead author of the study published in the journal Nature, said the inspiration for the project came straight from the science fiction of his childhood. "I was a big fan of Star Trek, and at that point I thought that the future looked like it should be planes that fly silently, with no moving parts – and maybe have a blue glow."', TIMESTAMP '2022-07-06T02:09:28', 'afcd7a50-a4f1-4a5f-831c-94b945f10371', 3, 'Incident 39');
    INSERT INTO "Tickets" ("Id", "AssignedToId", "BillableHours", "Closed", "Created", "CreatorId", "CustomerId", "Description", "Modified", "ModifierId", "Status", "Title")
    VALUES (40, '398d1dda-bc39-4208-b358-f888bfbb2ee9', 38, NULL, TIMESTAMP '2020-07-06T18:02:19', '398d1dda-bc39-4208-b358-f888bfbb2ee9', 3, 'The flight represents a breakthrough in "ionic wind" technology, which uses a powerful electric field to generate charged nitrogen ions, which are then expelled from the back of the aircraft, generating thrust. Steven Barrett, an aeronautics professor at MIT and the lead author of the study published in the journal Nature, said the inspiration for the project came straight from the science fiction of his childhood. "I was a big fan of Star Trek, and at that point I thought that the future looked like it should be planes that fly silently, with no moving parts – and maybe have a blue glow."', TIMESTAMP '2020-07-06T18:02:19', '398d1dda-bc39-4208-b358-f888bfbb2ee9', 1, 'Incident 40');
    INSERT INTO "Tickets" ("Id", "AssignedToId", "BillableHours", "Closed", "Created", "CreatorId", "CustomerId", "Description", "Modified", "ModifierId", "Status", "Title")
    VALUES (41, '6cf1351a-f2b6-4504-8d22-25b3dd5437e8', 23, TIMESTAMP '2021-02-14T13:17:31', TIMESTAMP '2020-12-03T09:26:24', '398d1dda-bc39-4208-b358-f888bfbb2ee9', 1, 'The flight represents a breakthrough in "ionic wind" technology, which uses a powerful electric field to generate charged nitrogen ions, which are then expelled from the back of the aircraft, generating thrust. Steven Barrett, an aeronautics professor at MIT and the lead author of the study published in the journal Nature, said the inspiration for the project came straight from the science fiction of his childhood. "I was a big fan of Star Trek, and at that point I thought that the future looked like it should be planes that fly silently, with no moving parts – and maybe have a blue glow."', TIMESTAMP '2021-02-14T13:17:31', '6cf1351a-f2b6-4504-8d22-25b3dd5437e8', 3, 'Incident 41');
    INSERT INTO "Tickets" ("Id", "AssignedToId", "BillableHours", "Closed", "Created", "CreatorId", "CustomerId", "Description", "Modified", "ModifierId", "Status", "Title")
    VALUES (42, 'afcd7a50-a4f1-4a5f-831c-94b945f10371', 21, TIMESTAMP '2022-07-10T07:18:38', TIMESTAMP '2020-10-09T19:09:11', 'c22d84fe-375b-4fcd-ae74-ff1235df78e2', 2, 'The flight represents a breakthrough in "ionic wind" technology, which uses a powerful electric field to generate charged nitrogen ions, which are then expelled from the back of the aircraft, generating thrust. Steven Barrett, an aeronautics professor at MIT and the lead author of the study published in the journal Nature, said the inspiration for the project came straight from the science fiction of his childhood. "I was a big fan of Star Trek, and at that point I thought that the future looked like it should be planes that fly silently, with no moving parts – and maybe have a blue glow."', TIMESTAMP '2022-07-10T07:18:38', 'c22d84fe-375b-4fcd-ae74-ff1235df78e2', 3, 'Incident 42');
    INSERT INTO "Tickets" ("Id", "AssignedToId", "BillableHours", "Closed", "Created", "CreatorId", "CustomerId", "Description", "Modified", "ModifierId", "Status", "Title")
    VALUES (43, 'e666cea7-25b1-4e1e-b6fd-90a536f96ac8', 22, TIMESTAMP '2020-08-10T11:38:09', TIMESTAMP '2018-02-24T13:10:13', 'afcd7a50-a4f1-4a5f-831c-94b945f10371', 3, 'The flight represents a breakthrough in "ionic wind" technology, which uses a powerful electric field to generate charged nitrogen ions, which are then expelled from the back of the aircraft, generating thrust. Steven Barrett, an aeronautics professor at MIT and the lead author of the study published in the journal Nature, said the inspiration for the project came straight from the science fiction of his childhood. "I was a big fan of Star Trek, and at that point I thought that the future looked like it should be planes that fly silently, with no moving parts – and maybe have a blue glow."', TIMESTAMP '2020-08-10T11:38:09', '6cf1351a-f2b6-4504-8d22-25b3dd5437e8', 3, 'Incident 43');
    INSERT INTO "Tickets" ("Id", "AssignedToId", "BillableHours", "Closed", "Created", "CreatorId", "CustomerId", "Description", "Modified", "ModifierId", "Status", "Title")
    VALUES (44, '398d1dda-bc39-4208-b358-f888bfbb2ee9', 15, NULL, TIMESTAMP '2022-09-26T16:52:40', '6cf1351a-f2b6-4504-8d22-25b3dd5437e8', 3, 'The flight represents a breakthrough in "ionic wind" technology, which uses a powerful electric field to generate charged nitrogen ions, which are then expelled from the back of the aircraft, generating thrust. Steven Barrett, an aeronautics professor at MIT and the lead author of the study published in the journal Nature, said the inspiration for the project came straight from the science fiction of his childhood. "I was a big fan of Star Trek, and at that point I thought that the future looked like it should be planes that fly silently, with no moving parts – and maybe have a blue glow."', TIMESTAMP '2023-01-17T11:33:57', '6cf1351a-f2b6-4504-8d22-25b3dd5437e8', 1, 'Incident 44');
    INSERT INTO "Tickets" ("Id", "AssignedToId", "BillableHours", "Closed", "Created", "CreatorId", "CustomerId", "Description", "Modified", "ModifierId", "Status", "Title")
    VALUES (45, NULL, 38, NULL, TIMESTAMP '2019-07-11T16:07:55', 'e666cea7-25b1-4e1e-b6fd-90a536f96ac8', 2, 'The flight represents a breakthrough in "ionic wind" technology, which uses a powerful electric field to generate charged nitrogen ions, which are then expelled from the back of the aircraft, generating thrust. Steven Barrett, an aeronautics professor at MIT and the lead author of the study published in the journal Nature, said the inspiration for the project came straight from the science fiction of his childhood. "I was a big fan of Star Trek, and at that point I thought that the future looked like it should be planes that fly silently, with no moving parts – and maybe have a blue glow."', TIMESTAMP '2019-07-11T16:07:55', 'e666cea7-25b1-4e1e-b6fd-90a536f96ac8', 0, 'Incident 45');
    INSERT INTO "Tickets" ("Id", "AssignedToId", "BillableHours", "Closed", "Created", "CreatorId", "CustomerId", "Description", "Modified", "ModifierId", "Status", "Title")
    VALUES (46, '398d1dda-bc39-4208-b358-f888bfbb2ee9', 22, NULL, TIMESTAMP '2020-01-06T06:09:25', 'afcd7a50-a4f1-4a5f-831c-94b945f10371', 2, 'The flight represents a breakthrough in "ionic wind" technology, which uses a powerful electric field to generate charged nitrogen ions, which are then expelled from the back of the aircraft, generating thrust. Steven Barrett, an aeronautics professor at MIT and the lead author of the study published in the journal Nature, said the inspiration for the project came straight from the science fiction of his childhood. "I was a big fan of Star Trek, and at that point I thought that the future looked like it should be planes that fly silently, with no moving parts – and maybe have a blue glow."', TIMESTAMP '2022-02-02T00:10:00', '398d1dda-bc39-4208-b358-f888bfbb2ee9', 2, 'Incident 46');
    INSERT INTO "Tickets" ("Id", "AssignedToId", "BillableHours", "Closed", "Created", "CreatorId", "CustomerId", "Description", "Modified", "ModifierId", "Status", "Title")
    VALUES (47, 'e666cea7-25b1-4e1e-b6fd-90a536f96ac8', 12, NULL, TIMESTAMP '2018-06-05T20:34:15', '6cf1351a-f2b6-4504-8d22-25b3dd5437e8', 2, 'The flight represents a breakthrough in "ionic wind" technology, which uses a powerful electric field to generate charged nitrogen ions, which are then expelled from the back of the aircraft, generating thrust. Steven Barrett, an aeronautics professor at MIT and the lead author of the study published in the journal Nature, said the inspiration for the project came straight from the science fiction of his childhood. "I was a big fan of Star Trek, and at that point I thought that the future looked like it should be planes that fly silently, with no moving parts – and maybe have a blue glow."', TIMESTAMP '2022-10-09T03:19:22', '6cf1351a-f2b6-4504-8d22-25b3dd5437e8', 4, 'Incident 47');
    INSERT INTO "Tickets" ("Id", "AssignedToId", "BillableHours", "Closed", "Created", "CreatorId", "CustomerId", "Description", "Modified", "ModifierId", "Status", "Title")
    VALUES (48, '398d1dda-bc39-4208-b358-f888bfbb2ee9', 5, NULL, TIMESTAMP '2019-05-14T21:51:43', 'afcd7a50-a4f1-4a5f-831c-94b945f10371', 1, 'The flight represents a breakthrough in "ionic wind" technology, which uses a powerful electric field to generate charged nitrogen ions, which are then expelled from the back of the aircraft, generating thrust. Steven Barrett, an aeronautics professor at MIT and the lead author of the study published in the journal Nature, said the inspiration for the project came straight from the science fiction of his childhood. "I was a big fan of Star Trek, and at that point I thought that the future looked like it should be planes that fly silently, with no moving parts – and maybe have a blue glow."', TIMESTAMP '2022-12-03T23:23:05', '6cf1351a-f2b6-4504-8d22-25b3dd5437e8', 2, 'Incident 48');
    INSERT INTO "Tickets" ("Id", "AssignedToId", "BillableHours", "Closed", "Created", "CreatorId", "CustomerId", "Description", "Modified", "ModifierId", "Status", "Title")
    VALUES (49, 'c22d84fe-375b-4fcd-ae74-ff1235df78e2', 3, NULL, TIMESTAMP '2021-09-07T23:20:18', '6cf1351a-f2b6-4504-8d22-25b3dd5437e8', 2, 'The flight represents a breakthrough in "ionic wind" technology, which uses a powerful electric field to generate charged nitrogen ions, which are then expelled from the back of the aircraft, generating thrust. Steven Barrett, an aeronautics professor at MIT and the lead author of the study published in the journal Nature, said the inspiration for the project came straight from the science fiction of his childhood. "I was a big fan of Star Trek, and at that point I thought that the future looked like it should be planes that fly silently, with no moving parts – and maybe have a blue glow."', TIMESTAMP '2021-09-30T06:29:31', '6cf1351a-f2b6-4504-8d22-25b3dd5437e8', 1, 'Incident 49');
    INSERT INTO "Tickets" ("Id", "AssignedToId", "BillableHours", "Closed", "Created", "CreatorId", "CustomerId", "Description", "Modified", "ModifierId", "Status", "Title")
    VALUES (50, '6cf1351a-f2b6-4504-8d22-25b3dd5437e8', 9, NULL, TIMESTAMP '2018-12-23T14:37:00', 'c22d84fe-375b-4fcd-ae74-ff1235df78e2', 1, 'The flight represents a breakthrough in "ionic wind" technology, which uses a powerful electric field to generate charged nitrogen ions, which are then expelled from the back of the aircraft, generating thrust. Steven Barrett, an aeronautics professor at MIT and the lead author of the study published in the journal Nature, said the inspiration for the project came straight from the science fiction of his childhood. "I was a big fan of Star Trek, and at that point I thought that the future looked like it should be planes that fly silently, with no moving parts – and maybe have a blue glow."', TIMESTAMP '2022-11-09T05:54:08', '398d1dda-bc39-4208-b358-f888bfbb2ee9', 2, 'Incident 50');
    INSERT INTO "Tickets" ("Id", "AssignedToId", "BillableHours", "Closed", "Created", "CreatorId", "CustomerId", "Description", "Modified", "ModifierId", "Status", "Title")
    VALUES (51, 'e666cea7-25b1-4e1e-b6fd-90a536f96ac8', 11, NULL, TIMESTAMP '2019-08-12T07:15:17', '398d1dda-bc39-4208-b358-f888bfbb2ee9', 2, 'The flight represents a breakthrough in "ionic wind" technology, which uses a powerful electric field to generate charged nitrogen ions, which are then expelled from the back of the aircraft, generating thrust. Steven Barrett, an aeronautics professor at MIT and the lead author of the study published in the journal Nature, said the inspiration for the project came straight from the science fiction of his childhood. "I was a big fan of Star Trek, and at that point I thought that the future looked like it should be planes that fly silently, with no moving parts – and maybe have a blue glow."', TIMESTAMP '2021-11-14T09:36:43', 'e666cea7-25b1-4e1e-b6fd-90a536f96ac8', 1, 'Incident 51');
    INSERT INTO "Tickets" ("Id", "AssignedToId", "BillableHours", "Closed", "Created", "CreatorId", "CustomerId", "Description", "Modified", "ModifierId", "Status", "Title")
    VALUES (52, 'e666cea7-25b1-4e1e-b6fd-90a536f96ac8', 28, NULL, TIMESTAMP '2018-01-06T11:54:19', '6cf1351a-f2b6-4504-8d22-25b3dd5437e8', 3, 'The flight represents a breakthrough in "ionic wind" technology, which uses a powerful electric field to generate charged nitrogen ions, which are then expelled from the back of the aircraft, generating thrust. Steven Barrett, an aeronautics professor at MIT and the lead author of the study published in the journal Nature, said the inspiration for the project came straight from the science fiction of his childhood. "I was a big fan of Star Trek, and at that point I thought that the future looked like it should be planes that fly silently, with no moving parts – and maybe have a blue glow."', TIMESTAMP '2018-01-06T11:54:19', '6cf1351a-f2b6-4504-8d22-25b3dd5437e8', 4, 'Incident 52');
    INSERT INTO "Tickets" ("Id", "AssignedToId", "BillableHours", "Closed", "Created", "CreatorId", "CustomerId", "Description", "Modified", "ModifierId", "Status", "Title")
    VALUES (53, NULL, 36, NULL, TIMESTAMP '2018-02-17T14:26:37', 'c22d84fe-375b-4fcd-ae74-ff1235df78e2', 2, 'The flight represents a breakthrough in "ionic wind" technology, which uses a powerful electric field to generate charged nitrogen ions, which are then expelled from the back of the aircraft, generating thrust. Steven Barrett, an aeronautics professor at MIT and the lead author of the study published in the journal Nature, said the inspiration for the project came straight from the science fiction of his childhood. "I was a big fan of Star Trek, and at that point I thought that the future looked like it should be planes that fly silently, with no moving parts – and maybe have a blue glow."', TIMESTAMP '2022-10-23T19:27:20', 'c22d84fe-375b-4fcd-ae74-ff1235df78e2', 0, 'Incident 53');
    INSERT INTO "Tickets" ("Id", "AssignedToId", "BillableHours", "Closed", "Created", "CreatorId", "CustomerId", "Description", "Modified", "ModifierId", "Status", "Title")
    VALUES (54, 'e666cea7-25b1-4e1e-b6fd-90a536f96ac8', 36, NULL, TIMESTAMP '2020-08-17T04:42:52', 'afcd7a50-a4f1-4a5f-831c-94b945f10371', 2, 'The flight represents a breakthrough in "ionic wind" technology, which uses a powerful electric field to generate charged nitrogen ions, which are then expelled from the back of the aircraft, generating thrust. Steven Barrett, an aeronautics professor at MIT and the lead author of the study published in the journal Nature, said the inspiration for the project came straight from the science fiction of his childhood. "I was a big fan of Star Trek, and at that point I thought that the future looked like it should be planes that fly silently, with no moving parts – and maybe have a blue glow."', TIMESTAMP '2020-08-17T04:42:52', 'afcd7a50-a4f1-4a5f-831c-94b945f10371', 2, 'Incident 54');
    END IF;
END $EF$;

DO $EF$
BEGIN
    IF NOT EXISTS(SELECT 1 FROM "__EFMigrationsHistory" WHERE "MigrationId" = '20240125124450_Seed_Data') THEN
    PERFORM setval(
        pg_get_serial_sequence('"Tickets"', 'Id'),
        GREATEST(
            (SELECT MAX("Id") FROM "Tickets") + 1,
            nextval(pg_get_serial_sequence('"Tickets"', 'Id'))),
        false);
    END IF;
END $EF$;

DO $EF$
BEGIN
    IF NOT EXISTS(SELECT 1 FROM "__EFMigrationsHistory" WHERE "MigrationId" = '20240125124450_Seed_Data') THEN
    INSERT INTO "__EFMigrationsHistory" ("MigrationId", "ProductVersion")
    VALUES ('20240125124450_Seed_Data', '8.0.1');
    END IF;
END $EF$;
COMMIT;

